CanonicalPath,AlternativePath,ASE,MutualExclusivity,MutualExclusiveCanonical,MutualExclusiveAlternative,CanonicalPathTranscriptWeightedConservation,AlternativePathTranscriptWeightedConservation,CanonicalPathGenes,AlternativePathGenes,CommonGenes,CanonicalPathMinSeqLength,CanonicalPathMeanSeqLength,CanonicalPathMaxSeqLength,AlternativePathMinSeqLength,AlternativePathMeanSeqLength,AlternativePathMaxSeqLength,CanonicalPathConsensus,AlternativePathConsensus
7_4/5_1/4_0,7_4/5_0/4_0,alternative,mutually_exclusive,5_1,5_0,0.4772727272727273,0.3409090909090909,ENSBTAG00000008323/ENSG00000132639/ENSGGOG00000012265/ENSMMUG00000011064/ENSMODG00000004799/ENSMUSG00000027273/ENSOANG00000008422/ENSSSCG00000026985/ENSXETG00000001302,ENSBTAG00000008323/ENSG00000132639/ENSGGOG00000012265/ENSMMUG00000011064/ENSMODG00000004799/ENSMUSG00000027273/ENSSSCG00000026985,ENSBTAG00000008323/ENSG00000132639/ENSGGOG00000012265/ENSMMUG00000011064/ENSMODG00000004799/ENSMUSG00000027273/ENSSSCG00000026985,39,39.0,39,39,39.0,39,EQLERIEEGMDQINKDMKEAEKNLTDLGKFCGLCVCPCNk,EQLDRVEEGMNHINQDMKEAEKNLKDLGKCCGLFICPCNk
6_0/7_0/7_1/7_2,6_0/7_2,deletion,,,,0.6212121212121212,0.06818181818181818,ENSBTAG00000008323/ENSG00000132639/ENSGGOG00000012265/ENSMMUG00000011064/ENSMODG00000004799/ENSMUSG00000027273/ENSOANG00000008422/ENSSSCG00000026985/ENSXETG00000001302,ENSSSCG00000026985/ENSXETG00000001302,ENSSSCG00000026985/ENSXETG00000001302,14,14.0,14,0,0.0,0,SLESTRRMLQLVEE,
start/6_0,start/17_0/6_0,insertion,,,,0.7727272727272727,0.0606060606060606,ENSBTAG00000008323/ENSG00000132639/ENSGGOG00000012265/ENSMMUG00000011064/ENSMODG00000004799/ENSMUSG00000027273/ENSOANG00000008422/ENSSSCG00000026985/ENSXETG00000001302,ENSRNOG00000006037,,0,0.0,0,7,7.0,7,,MAEDADM
7_4/5_1/4_0/3_0,7_4/1_0/3_0,alternative,mutually_exclusive,5_1/4_0,1_0/1_0,0.4772727272727273,0.09090909090909091,ENSBTAG00000008323/ENSG00000132639/ENSGGOG00000012265/ENSMMUG00000011064/ENSMODG00000004799/ENSMUSG00000027273/ENSOANG00000008422/ENSSSCG00000026985/ENSXETG00000001302,WBGene00004364,,81,81.0,81,83,83.0,83,EQLERIEEGMDQINKDMKEAEKNLTDLGKFCGLCVCPCNkKLKSSDAYKKAWGNNQDGVVASQPARVVDEREQMAISGGFIRr,QLERCEGALDTINQDMKEAEDHLKGMEKCCGLCVLPWNKTDDFEKTEFAKAWKKDDDGGVISDQPRITVGDSSMGPQGGYITK
6_0/7_0,6_0/0_1/7_0,insertion,,,,0.643939393939394,0.0606060606060606,ENSBTAG00000008323/ENSG00000132639/ENSGGOG00000012265/ENSMMUG00000011064/ENSMODG00000004799/ENSMUSG00000027273/ENSOANG00000008422/ENSSSCG00000026985/ENSXETG00000001302,ENSRNOG00000006037,,0,0.0,0,1,1.0,1,,
