GeneID,TranscriptIDCluster,TranscriptLength,TSL,Path,MinimumConservation,MinimumTranscriptFraction,MinimumTranscriptWeightedConservation,ConservationSum,TranscriptFractionSum,TranscriptWeightedConservationSum,MeanConservation,MeanTranscriptFraction,MeanTranscriptWeightedConservation,PathGeneNumber
ENSG00000116032,ENST00000234389,1043,1.0,start/3_0/3_1/2_0/1_0/8_0/10_0/6_0/7_0/12_0/12_1/4_0/4_1/4_2/stop,62.5,55.55555555555556,0.5625,1225.0,1177.7777777777778,11.875,87.5,84.12698412698413,0.8482142857142857,3
ENSMMUG00000048135,ENSMMUT00000061210,1042,,start/3_0/3_1/2_0/1_0/8_0/10_0/6_0/7_0/12_0/12_1/4_0/4_1/4_2/stop,62.5,55.55555555555556,0.5625,1225.0,1177.7777777777778,11.875,87.5,84.12698412698413,0.8482142857142857,3
ENSSSCG00000029635,ENSSSCT00000026993,1031,,start/3_0/3_1/2_0/1_0/8_0/10_0/6_0/7_0/12_0/12_1/4_0/4_1/4_2/stop,62.5,55.55555555555556,0.5625,1225.0,1177.7777777777778,11.875,87.5,84.12698412698413,0.8482142857142857,3
ENSMUSG00000035745,ENSMUST00000045085,1003,1.0,start/3_0/3_1/2_0/1_0/8_0/10_0/6_0/7_0/12_0/12_1/4_0/4_2/stop,37.5,33.33333333333333,0.3125,1137.5,1100.0,11.0625,87.5,84.6153846153846,0.8509615384615384,1
ENSBTAG00000025597,ENSBTAT00000036098,1030,,start/3_0/3_1/2_0/1_0/8_0/10_0/6_0/7_0/12_0/4_0/4_1/4_2/stop,25.0,22.22222222222222,0.1875,1100.0,1066.6666666666665,10.6875,84.61538461538461,82.05128205128204,0.8221153846153846,1
ENSRNOG00000012562,ENSRNOT00000017064,1002,,start/3_0/3_1/9_0/2_0/1_0/8_0/10_0/6_0/7_0/12_0/12_1/4_0/4_2/stop,12.5,11.11111111111111,0.125,1075.0,1033.3333333333333,10.4375,76.78571428571429,73.80952380952381,0.7455357142857143,1
ENSMODG00000005656,ENSMODT00000007148,1019,,start/3_0/3_1/2_0/1_0/8_0/13_0/6_0/7_0/12_0/12_1/4_0/4_1/4_2/stop,12.5,11.11111111111111,0.125,1075.0,1022.2222222222221,10.375,76.78571428571429,73.01587301587301,0.7410714285714286,1
ENSXETG00000016799,ENSXETT00000028015,1035,,start/3_0/3_1/2_0/1_0/8_0/10_0/6_0/7_0/12_0/5_0/11_0/stop,12.5,11.11111111111111,0.125,900.0,877.7777777777777,8.875,75.0,73.14814814814814,0.7395833333333334,1
ENSSSCG00000029635,ENSSSCT00000090733,1024,,start/14_0/3_1/2_0/1_0/8_0/10_0/6_0/7_0/12_0/4_0/4_2/stop,12.5,11.11111111111111,0.0625,837.5,833.3333333333334,8.125,69.79166666666667,69.44444444444444,0.6770833333333334,1
