CanonicalPath,AlternativePath,ASE,MutualExclusivity,MutualExclusiveCanonical,MutualExclusiveAlternative,CanonicalPathTranscriptWeightedConservation,AlternativePathTranscriptWeightedConservation,CanonicalPathGenes,AlternativePathGenes,CommonGenes,CanonicalPathMinSeqLength,CanonicalPathMeanSeqLength,CanonicalPathMaxSeqLength,AlternativePathMinSeqLength,AlternativePathMeanSeqLength,AlternativePathMaxSeqLength,CanonicalPathConsensus,AlternativePathConsensus
10_2/4_2,10_2/25_0/4_2,insertion,,,,0.4666666666666667,0.25166666666666665,ENSBTAG00000008938/ENSDARG00000008107/ENSG00000197122/ENSGGOG00000007437/ENSMMUG00000020131/ENSMODG00000000247/ENSMUSG00000027646/ENSRNOG00000009495,ENSDARG00000008107/ENSGGOG00000007437/ENSMODG00000000247/ENSMUSG00000027646/ENSRNOG00000009495/ENSSSCG00000007334/ENSXETG00000004104,ENSDARG00000008107/ENSGGOG00000007437/ENSMODG00000000247/ENSMUSG00000027646/ENSRNOG00000009495,0,0.0,0,4,5.714285714285714,6,,TRKVDV
10_2/4_2,10_2/25_0/22_0/4_2,insertion,,,,0.4666666666666667,0.10833333333333332,ENSBTAG00000008938/ENSDARG00000008107/ENSG00000197122/ENSGGOG00000007437/ENSMMUG00000020131/ENSMODG00000000247/ENSMUSG00000027646/ENSRNOG00000009495,ENSMMUG00000020131/ENSMODG00000000247/ENSSSCG00000007334,ENSMMUG00000020131/ENSMODG00000000247,0,0.0,0,17,17.0,17,,TRKVDVSQTWFTFRWLQ
2_2/10_0/10_1,2_2/10_1,deletion,,,,0.9,0.04,ENSBTAG00000008938/ENSDARG00000008107/ENSG00000197122/ENSGGOG00000007437/ENSMMUG00000020131/ENSMODG00000000247/ENSMUSG00000027646/ENSRNOG00000009495/ENSSSCG00000007334,ENSXETG00000004104,,1,1.0,1,0,0.0,0,G,
10_2/4_2/4_3,10_2/4_3,deletion,,,,0.4666666666666667,0.06999999999999999,ENSBTAG00000008938/ENSDARG00000008107/ENSG00000197122/ENSGGOG00000007437/ENSMMUG00000020131/ENSMODG00000000247/ENSMUSG00000027646/ENSRNOG00000009495,ENSXETG00000004104,,2,2.0,2,0,0.0,0,TE,
